{
  "SearchBooking" : {
    "transaction" : "SearchBooking",
    "sampleCount" : 1000,
    "errorCount" : 6,
    "errorPct" : 0.6,
    "meanResTime" : 406.0460000000001,
    "medianResTime" : 318.0,
    "minResTime" : 274.0,
    "maxResTime" : 6468.0,
    "pct1ResTime" : 584.8,
    "pct2ResTime" : 758.5999999999995,
    "pct3ResTime" : 1503.7300000000002,
    "throughput" : 1.6546265011598933,
    "receivedKBytesPerSec" : 1.4353658679095118,
    "sentKBytesPerSec" : 0.3876463491286737
  },
  "Total" : {
    "transaction" : "Total",
    "sampleCount" : 3000,
    "errorCount" : 6,
    "errorPct" : 0.2,
    "meanResTime" : 809.2413333333343,
    "medianResTime" : 385.5,
    "minResTime" : 274.0,
    "maxResTime" : 10000.0,
    "pct1ResTime" : 1663.0,
    "pct2ResTime" : 2099.149999999997,
    "pct3ResTime" : 3713.679999999993,
    "throughput" : 4.934324145621774,
    "receivedKBytesPerSec" : 4.139334173093624,
    "sentKBytesPerSec" : 1.549851618191044
  },
  "LoginAPI" : {
    "transaction" : "LoginAPI",
    "sampleCount" : 1000,
    "errorCount" : 0,
    "errorPct" : 0.0,
    "meanResTime" : 1613.0890000000002,
    "medianResTime" : 1336.5,
    "minResTime" : 1110.0,
    "maxResTime" : 10000.0,
    "pct1ResTime" : 2280.1,
    "pct2ResTime" : 2842.7999999999997,
    "pct3ResTime" : 4900.030000000001,
    "throughput" : 1.6579018919976392,
    "receivedKBytesPerSec" : 1.2484066008534878,
    "sentKBytesPerSec" : 0.4840944001047794
  },
  "CreateBooking" : {
    "transaction" : "CreateBooking",
    "sampleCount" : 1000,
    "errorCount" : 0,
    "errorPct" : 0.0,
    "meanResTime" : 408.5890000000002,
    "medianResTime" : 319.0,
    "minResTime" : 274.0,
    "maxResTime" : 5372.0,
    "pct1ResTime" : 580.4999999999999,
    "pct2ResTime" : 758.0,
    "pct3ResTime" : 1822.2700000000007,
    "throughput" : 1.6618804509678793,
    "receivedKBytesPerSec" : 1.4893224051190905,
    "sentKBytesPerSec" : 0.6913682344846842
  }
}